"id";"FirstName";"LastName"
1;"John";"Smith"
2;"Alice";"Johnson"
3;"Michael";"Brown"
4;"Emily";"Williams"
5;"David";"Davis"
6;"Linda";"Miller"
7;"James";"Wilson"
8;"Sarah";"Moore"
9;"Robert";"Lee"
10;"Emma";"Hall"
11;"Christopher";"Young"
12;"Amanda";"Walker"
13;"Daniel";"Evans"
14;"Jennifer";"Hill"
15;"Matthew";"Cox"
16;"Lauren";"Baker"
17;"Ryan";"Ward"
18;"Samantha";"Sullivan"
19;"Brian";"Perez"
20;"Melissa";"Rogers"
21;"David";"Gonzalez"
22;"Amy";"Fisher"
23;"Daniel";"Clark"
24;"Jessica";"Lewis"
25;"Kevin";"Hill"
26;"Megan";"Ward"
27;"Christopher";"Barnes"
28;"Olivia";"Hall"
29;"Joshua";"Lopez"
30;"Sophia";"Garcia"
31;"Michael";"King"
32;"Ava";"Young"
33;"David";"Morgan"
34;"Emma";"Butler"
35;"Joseph";"Fisher"
36;"Sophia";"Nelson"
37;"William";"Ramirez"
38;"Olivia";"Cox"
39;"Matthew";"Ward"
40;"Sophia";"Lopez"
41;"Daniel";"Perez"
42;"Emma";"Roberts"
43;"Michael";"Hall"
44;"Olivia";"Perez"
45;"William";"Cook"
46;"Sophia";"Lee"
47;"Joseph";"Robinson"
48;"Emma";"Collins"
